name,category,tier,deadline,eligibility,cost,aid,notes,url,source,spike_fit,effort
Connecticut Science & Engineering Fair 2027,ct_local,🔴 Action This Week,2026-10-15,Grades 9-12 (high school division); Connecticut students,Registration fee required (amount not listed on dates page; see site),Need-based aid not described; merit/special awards only,CT's flagship STEM competition; feeder to ISEF/Regeneron. Finalist judging + awards at Quinnipiac University. Independent-student track exists for students whose school doesn't run a fair. Oct 15 is the deadline to request independent-student status approval from the registration chair.,https://ctsciencefair.org/important-dates,ctsciencefair.org (official dates page),30,
NSB Connecticut Regional High School Science Bowl 2027,ct_local,🟡 Prep Now,2026-11-23,"Connecticut high school teams, grades 9-12 (up to 3 teams per school; school coach must preregister)",$200 registration per team (typically school-paid),None,"U.S. Dept of Energy National Science Bowl regional hosted by UConn / Vergnano Institute for Impact at UConn Storrs, Feb 27, 2027. 48-team cap; winners advance to national finals. Registration is coach-driven through the school.",https://science.osti.gov/wdts/nsb/Regional-Competitions/High-School-Regionals/CT_Connecticut-High-School-Regional-Science-Bowl,"science.osti.gov (DOE Office of Science, official regional page)",15,
Connecticut History Day 2026-27,ct_local,🟢 Watch List,,Grades 6-12; high school students compete in the Senior Division (grades 9-12),Free to participate (entry via school; check regional for any fees),None,"Connecticut affiliate of National History Day, run by the Connecticut Democracy Center (in residence at CT's Old State House). Project categories: paper, exhibit, performance, documentary, website. Fits the student's writing strength; website/documentary categories fit the computational-narrative spike. National contest June 13-17, 2027 at University of Maryland.",https://www.historydayct.org,historydayct.org (official),70,
Yale Summer Program in Astrophysics (YSPA) 2027,ct_local,🟢 Watch List,,Rising high school seniors — students currently in 11th grade apply during junior year; age 15.5+ by program start,"$8,000 (2026 rate; covers room, board, field trips, materials; not travel)",Need-based financial aid available (up to 80% tuition remission per third-party guide),"Six-week intensive (2 weeks online + 4 weeks residential at Yale's Leitner Family Observatory): original astrophysics research in small teams, ends with a scientific paper and mini-conference presentation. A real research artifact for the application. Strong biology-adjacent data/programming skills carry over. Official YSPA page confirms junior-year application window.",https://yspa.yale.edu/post/program-overview,yspa.yale.edu (official program overview),0,
UConn NRCA Conservation Ambassador Program (CAP),ct_local,🟢 Watch List,,Connecticut high school students in grades 9-11,Free for qualifying schools; sliding-scale fee otherwise,Free for students from qualifying schools (sliding fee scale otherwise); need-based stipends available,"UConn College of Agriculture, Health & Natural Resources program: weeklong field experience (forests, soils, wildlife, GIS/GPS, green infrastructure) then a mentored community environmental action project with a UConn undergrad mentor and a local community partner. Produces a tangible community-impact project — good narrative material. Next-cohort application timing not yet posted; typically late winter/early spring.",https://nrca.uconn.edu/cap,nrca.uconn.edu (official),5,
Connecticut High School Science and Humanities Symposium (CT HSSHS) 2027,ct_local,🟢 Watch List,,"Connecticut high school students, grades 9-12; oral and poster competition plus non-competitive observer track",Free — no charge to attend,None (no charge to attend),"CT's continuation of the Junior Science and Humanities Symposium (federal funding suspended; UConn Health/CT AHEC kept it alive independently). Students present original research orally or as posters before judges and peers at UConn Health, Farmington. Simsbury High School participated in 2026. Top oral winners attend the CT Academy of Science & Engineering annual meeting. Requires a school delegation (up to 10 students) with a chaperone.; archive canonical: http://ctjshs.com (first seen 2026-06-22); archive URL updated to live link",https://health.uconn.edu/connecticut-area-health-education-center-network/ct-high-school-science-and-humanities-symposium,health.uconn.edu (CT AHEC official page),5,
UConn Pre-College Summer (PCS) 2027,ct_local,🟢 Watch List,,"High school students, including rising juniors and seniors; open nationally/internationally",Tuition varies by course/session (see site); residential 1-5 week options,Not described on program page,"UConn's Office of Early College Programs summer experience: 1-5 weeks residential at UConn Storrs, 30+ courses (STEM, humanities, social sciences, fine arts, digital media), some transferable college credit, plus college-readiness workshops (e.g. college essay writing). ~20 min from Simsbury. Watch for Summer 2027 application opening (typically late winter/spring).; archive canonical: https://precollege-summer.uconn.edu (first seen 2026-06-22); archive URL updated to live link",https://precollege-summer.uconn.edu/pre-college-summer-camp-at-uconn,precollege-summer.uconn.edu (official),25,Essay
"SAT - November 7, 2026 administration",exams,🔴 Action This Week,2026-10-23,Grades 9-12; ideal junior-year window for Class of 2028,$68 standard registration (+ late fee if applicable),Fee waivers available for eligible 11th/12th graders; borrow-a-device requests need registration at least 30 days before test day,"URGENT: registration deadline Oct 23, 2026 is 18 days away. Digital SAT via Bluebook at a test center. Registration open now for all fall 2026 dates per College Board. Deadlines expire 11:59 p.m. ET. The Oct 3, 2026 SAT administration has already passed.",https://satsuite.collegeboard.org/sat/dates-deadlines,College Board - SAT Suite Test Dates and Deadlines,0,
"ACT - December 12, 2026 administration",exams,🟡 Prep Now,2026-11-06,Grades 9-12,Not verified - see act.org for current fees (varies by sections chosen),Fee waivers may apply; standby testing may be available after late deadline,"Next actionable national ACT date: the Oct 17, 2026 ACT's registration windows (Sep 11 / Sep 29) have already closed. ACT deadlines are 11:59 p.m. Central. New ACT format: composite based on English, math, reading; Science and Writing optional.",https://www.act.org/content/act/en/register-for-the-act.html,"ACT, Inc. - official registration page",25,
"ACT - February 27, 2027 administration",exams,🟢 Watch List,2027-01-22,Grades 9-12,Not verified - see act.org for current fees (varies by sections chosen),Fee waivers may apply,First ACT of 2027. Score release typically 2-4 weeks after test day. Note: July ACT testing is not offered in New York but CT is fine.,https://www.hudsoncsd.org/hudson-senior-high-school/guidance-office/sat-act-dates,Hudson City School District guidance page (mirroring act.org schedule),5,Test Score
"CLT (Classic Learning Test) - at-home, October 17, 2026",exams,🔴 Action This Week,2026-10-08,Grades 11-12,$112 (verified on cltexam.com),Not verified,"URGENT: registration deadline Oct 8, 2026 is 3 days away. NOTE on prior note ('CLT at-home test Oct 8'): cltexam.com's official page lists the AT-HOME remotely proctored test on SATURDAY OCTOBER 17, 2026 with the ONLINE REGISTRATION DEADLINE on Oct 8, 2026 - Oct 8 is the registration cutoff, not the test date. Score release Nov 4, 2026. Taken at home with LockDown browser; 2 hours; Verbal Reasoning + Grammar/Writing + Quantitative Reasoning. Accepted at hundreds of colleges; $100M+ in scholarships tied to CLT scores annually.",https://www.cltexam.com/tests/clt,Classic Learning Test - official CLT test dates page,25,Test Score
AP Exams May 2027 - exam ordering (student enrollment) deadline,exams,🟡 Prep Now,2026-11-13,Grades 9-12 (enrolled in AP courses; exam-only sections allowed),$99 per exam (2026-27 AP Central rate),$37 fee reduction per exam for eligible students ($53/exam); schools expected to forgo $9 rebate,"URGENT: AP exam order deadline Nov 13, 2026 (11:59 p.m. ET) - 39 days away; preferred ordering deadline Oct 2, 2026 has passed. Student must join MyAP class sections and indicate 'taking the exam' so the coordinator can order. 2027 AP exams run May 3-7 and May 10-14, 2027 (verified on AP Central exam dates page this run). New for 2027: AP Business with Personal Finance (May 4) and AP Cybersecurity (May 5) debut exams. AP Digital Portfolio deadlines: Apr 30, 2027 (CSP Create task, Seminar, Research, World Languages PPR) and May 7, 2027 (Art & Design). Late-testing window May 17-21, 2027. Orders after Nov 13 incur a $40/exam late order fee. Spring-course orders and fall order changes deadline: Mar 12, 2027.",https://apcentral.collegeboard.org/exam-administration-ordering-scores/ordering-fees/how-to-ap-registration-ordering/order-ap-exams,AP Central - Ordering AP Exams; 2027 AP Exam Dates,0,Portfolio
2026 December SJCC (Super Junior & Cadet Circuit),fencing,🔴 Action This Week,2026-10-07,"Junior & Cadet (epee, foil, saber); eligibility per USA Fencing Athlete Handbook",Registration + per-event fees (see official event page; not itemized on page),None listed,"URGENT: regular-fee registration deadline is Oct 7, 2026 — 2 days out — confirmed on the official USA Fencing event page this run. Event Dec 4-6, 2026 per member.usafencing.org tournament index (not separately re-verified on the official page this run). This is the national cadet/junior circuit event, not the December NAC label used by some clubs.",https://www.usafencing.org/2026-december-sjcc,usafencing.org official event page,0,
"2026 October NAC (Div I, Cadet, Y14, Cadet Team, Parafencing)",fencing,🔴 Action This Week,2026-10-07,"Division I, Cadet (born 2010-2013), Y14; per Athlete Handbook",Late-entry fees apply (triple); registration + per-event fees,None listed,"Event is THIS WEEK (Oct 9-12). Regular registration closed Sept 2; only late entry (triple fees) remains. 'NAC Orlando (Oct 8)' urgent in the pipeline = travel/prep day before the event. New Elite/Challenger split system in effect for Cadet/Junior/Div I this season. If not registered, only action is late entry night-before.",https://www.usafencing.org/2026-october-nac,usafencing.org official event page,0,
2027 Junior Olympic Fencing Championships,fencing,🟡 Prep Now,2026-11-11,"Cadet (born 2010-2013) and Junior (born 2007-2013); must qualify via one of four pathways; US citizen/permanent resident, nationality verified, competitive membership required",Registration + event fees (amounts not itemized in article; see member profile registration page),None listed,"Dates and deadlines confirmed on the official USA Fencing article (updated for 2026-27 season) this run. This is the pinnacle domestic cadet/junior event and the last points chance before the 2027 Junior & Cadet World Championships (Istanbul). CT Division JO qualifier must be completed by Dec 9, 2026. If divisional qualifier falls after Nov 11, still register by Nov 11 (registration stays pending).",https://www.usafencing.org/news/2022/october/19/what-juniors-and-cadets-should-know-about-qualifying-for-the-2024-junior-olympics,usafencing.org official article (updated for 2026-27),5,
"2026 November NAC (Div I, Junior, Cadet)",fencing,🔴 Action This Week,2026-10-21,"Division I, Junior (born 2007-2013), Cadet (born 2010-2013); per Athlete Handbook",Late-entry fees apply (triple); registration + per-event fees,None listed,Withdrawal deadline Oct 21 is within 30 days — confirmed on the official event page this run (high confidence). Regular registration closed; late entry only. Junior category appears at this NAC (unlike October NAC which had Y14 instead of Junior).,https://www.usafencing.org/2026-november-north-american-cup,usafencing.org official event page,0,
"2027 January NAC (with Parafencing, Oklahoma City)",fencing,🟢 Watch List,,Categories TBD per 2026-27 event combos; parafencing included,Not yet published,None listed,"Details/dates not yet published — only confirmed that January NAC is in Oklahoma City alongside the JOs with parafencing (per official USA Fencing 2026-27 combos article, verified this run). Re-check next run for the dedicated event page.",https://www.usafencing.org/news/2026/july/15/2026-27-event-combos-revealed-nine-stops-and-who-fences-at-each-one,usafencing.org official news article,0,
2027 USA Fencing Summer Nationals,fencing,🟢 Watch List,,Ages 7-89; Junior & Cadet national championships events require qualification; July Challenge open events per handbook,Registration fees not yet announced,None listed,"Dates and venue confirmed (July 2-11, 2027, Salt Lake City) via SportsTravel reporting on the USA Fencing announcement, page verified this run. Registration not yet open — re-check in a later run. Summer 2027 timing fits between junior and senior year.; archive canonical: https://www.usafencing.org/2026-summer-nationals-july-challange (first seen 2026-06-10); archive URL updated to live link",https://www.sportstravelmagazine.com/usa-fencing-bringing-summer-nationals-to-salt-lake-city-in-2027,SportsTravel reporting USA Fencing announcement,0,
Simsbury High School Fencing Club — CT high school season (CHSFA),fencing,🟢 Watch List,,"Simsbury High School students, grades 9-12",Club membership/dues (not published; advisor notes significant equipment costs — electric vest $200+),Advisor has offered used equipment to lower start-up costs,"Article verified this run (Today Magazine cover story, SPJ award). Student is already on the team (SHS Fencing Club per profile). Season culminates in the two March state tournaments — individual and team varsity. Continued participation + medal-level results strengthen the fencing thread of the application. No registration deadline published; watch for the club's fall/winter sign-up.",https://www.todaypublishing.net/post/simsbury-high-features-fencing-team,Today Magazine (Today Publishing) article on SHS Fencing Club,5,
Davidson Fellows Scholarship 2027,general_competitions,🟢 Watch List,2027-02-11,18 or under as of deadline; US citizen or permanent resident; significant completed work,Free,"$25,000-$100,000 scholarship (20 awards/year)","ACTIONABLE — strong fit: Literature category suits the published novel 'Entity' (or a new significant work). 2027 application opens Fall 2026; deadline not yet posted on official site — prior-year pattern was mid-Feb (2026 deadline Feb 18, 2026; Feb 11, 2027 listed by scholarships.com). Verify exact date when application opens.; archive canonical: https://www.davidsongifted.org/gifted-programs/fellows-scholarship (first seen 2026-05-25); archive URL updated to live link",http://www.davidsongifted.org/fellows,Davidson Institute for Talent Development (official),40,
Regeneron ISEF 2027 (via Connecticut Science & Engineering Fair),general_competitions,🟢 Watch List,2027-05-08,Grades 9-12; under 20 on May 1 of competition year,Free (affiliated fair fees vary),"600+ awards including $75,000 top awards",ACTIONABLE — only if he develops original research this year. Check CT Science & Engineering Fair registration deadline (ct_local category). Original research required; literature reviews/demonstrations not accepted.,https://www.societyforscience.org/isef/international-rules,Society for Science (official rules),30,
Breakthrough Junior Challenge 2027,general_competitions,🟢 Watch List,2027-09-15,"Ages 13-18 (13 by May 11, not yet 19 by Oct 1 of cycle year)",Free,"$250,000 scholarship to winner; $50,000 teacher prize; $100,000 school lab","2026 cycle (deadline Sep 15, 2026) CLOSED. Annual recurring deadline confirmed on official timeline this run; next cycle opens ~May 2027 for the 2027 challenge. Plan a video over summer 2027. Peer-to-peer review of 5+ entries is mandatory.",https://breakthroughjuniorchallenge.org,Breakthrough Prize Foundation (official),40,
GENIUS Olympiad 2027,general_competitions,🟢 Watch List,2027-03-01,"Grades 8-12 worldwide, min age 13",$75 application fee per project; $695 participation fee if finalist,Gold/silver/bronze medals; RIT scholarship eligibility for finalists,"ACTIONABLE — strong fit for the computational-narrative spike: AI, Coding, and Short Film disciplines all suit an interactive-storytelling project. Application deadline March 1, 2027 (9:00 AM EST) confirmed on official site this run; US/EU fair-affiliated deadline Apr 16, 2027. Finals at St. John Fisher University.",https://geniusolympiad.org,Terra Science and Education (official),40,
National Merit Scholarship Program 2028 (via 2026 PSAT/NMSQT),general_competitions,🟡 Prep Now,2026-10-30,Junior-year PSAT/NMSQT takers; US high school students / citizens,PSAT fee ~$18-25 (set by school),"National Merit $2,500 (one-time) + corporate/college-sponsored scholarships (USC $20k/year)","ACTIONABLE NOW — take the PSAT/NMSQT at school within the Oct 1-30, 2026 window; schools set their own date (confirm with counselor; PSAT registration typically closed early/mid-Sept — verify with Simsbury High). Scores reported Dec-Jan; semifinalist cutoff (CT) typically ~top 1%.",https://www.nationalmerit.org/s/1758/interior.aspx?sid=1758&gid=2&pgid=1881,National Merit Scholarship Corporation (official),5,
Conrad Challenge 2026-27 (Innovation Challenge),general_competitions,🟡 Prep Now,2026-10-30,"Ages 13-18, in high school (or officially homeschooled); teams of 2-5 with adult coach",Free for Stages 1-2; $499 at Stage 3 (Innovation Summit),"Pete Conrad Scholar title + scholarships to partner colleges ($10k-$25k/yr), patent services, entrepreneurship programs","ACTIONABLE — Stage 1 Activation deadline Oct 30, 2026 is WITHIN 30 DAYS. Deadline reported by Aralia 2026-27 launch coverage and Space Center Houston launch (Aug 27, 2026); official homepage still showed 2024-25 cycle content this run, so date is unconfirmed on the official site. Verify Stage 1 date at conradchallenge.org before committing; forming a 2-5 person team takes lead time.",https://www.conradchallenge.org,Conrad Challenge / Space Center Houston (official site + launch announcement),15,
U.S. Stockholm Junior Water Prize 2027,general_competitions,🟢 Watch List,2027-04-15,Grades 9-12; age 15+ by Aug 1 of competition year; water-science research project,Free,"$10,000 to US national winner; all-expenses-paid international competition",ACTIONABLE — requires a water-science research project; could overlap with an ISEF or Genius science project on water quality. State entries typically due ~April 15 (CT state coordinator date to confirm). No international entry fee; travel for winners covered.,https://www.wef.org/sjwp,Water Environment Federation (official),15,
American Legion National High School Oratorical Contest 2027,general_competitions,🟢 Watch List,2026-12-05,Grades 9-12; US citizen or lawful permanent resident; under 20 at national contest,Free,"Department/state + national scholarships ($2,000-$25,000)","ACTIONABLE — 2027 cycle underway: local contests typically begin after Nov 7, 2026 and complete by early Dec (TX pattern); confirm CT department dates with a local CT post. Writing/speaking talent plus constitutional knowledge; pairs well with the humanities side of the profile. 2027 assigned topics confirmed on legion.org this run.; archive canonical: https://www.legion.org/oratorical (first seen 2026-05-18); archive URL updated to live link",https://www.legion.org/get-involved/youth-programs/oratorical-contest/oratorical-contest-assigned-topics,The American Legion (official),30,
Toshiba/NSTA ExploraVision 2027 (35th annual),general_competitions,🟢 Watch List,2027-01-27,"K-12 students, US & Canada; teams of 2-4",Free,"$10,000 savings bonds (at maturity) and other prizes","ACTIONABLE — registration open now for the 35th annual competition; deadline Jan 27, 2027 per the Toshiba/NSTA launch announcement. Team format fits a small collaborative project; imagination-of-future-tech aligns with world-building instincts.",https://www.exploravision.org,Toshiba / NSTA (official; launch announcement),40,
Modeling the Future Challenge 2026-27,general_competitions,🟡 Prep Now,2026-11-09,High school juniors and seniors (US + territories),Free,"$60,000 scholarship prize pool","ACTIONABLE — registration closes Nov 9, 2026 per the Institute of Competition Sciences listing (official site only says 'registration open every fall'). Combines math modeling + data analysis; good fit alongside AP Stats/AP Calc background.",https://www.mtfchallenge.org,The Actuarial Foundation / Institute of Competition Sciences,0,
National Merit Scholarship Program (2028 competition),scholarships,🟡 Prep Now,2026-10-31,Juniors in the class of 2028 taking the PSAT/NMSQT in Oct 2026; high Selection Index for state semifinalist cutoffs,PSAT fee via school,"$2,500 National Merit + corporate/college-sponsored Merit Scholarships","18-month competition: scores Dec 2026, semifinalists Sept 2027, finalists Feb 2028, winners Mar-Jun 2028. High-income families benefit: several corporate/college-sponsored Merit awards are merit-only.",https://www.nationalmerit.org,nationalmerit.org,0,
Cameron Impact Scholarship (Class of 2028),scholarships,🟢 Watch List,2027-05-01,"Current juniors (Class of 2028); min 3.7 unweighted GPA; U.S. citizen; exceptional extracurriculars, leadership, community service",Free to apply,"Full tuition, 4 years, any U.S. undergraduate institution","Highly competitive (3,000 apps, 15 scholars). Requires online application, 2 letters of recommendation, transcript. Prepare during spring 2027; apply early since it closes at 3,000.",https://www.bryancameroneducationfoundation.org,bryancameroneducationfoundation.org,0,"Rec Letter, Transcript"
YoungArts National Arts Competition 2027 (Writing),scholarships,🔴 Action This Week,2026-10-06,Grades 10-12 or 15-18 on Dec 1 of application year; U.S. citizen/permanent resident/legally able to receive taxable income,$35 application fee (waivers available),"$250-$10,000 cash awards + mentorship network","URGENT: closes in ~1 day. Direct spike fit for a published novelist (Entity, Kindle, KDP Select). Portfolio-based; fee waiver available.",https://youngarts.org/discipline/writing,youngarts.org,25,Portfolio
JFK Profile in Courage Essay Contest (2027),scholarships,🟢 Watch List,2027-01-11,"U.S. high school students grades 9-12 (public, private, parochial, home school); nominating teacher required; past winners/finalists ineligible",Free to enter,"$10,000 / $3,000 / $1,000 cash awards","Strong writing-spike fit: 700-1000 word essay, min 5 sources, bibliography. Winner invited to the 2027 Profile in Courage Award ceremony in Boston (travel paid).",https://www.jfklibrary.org/learn/education/profile-in-courage-essay-contest,jfklibrary.org,25,Essay
Princeton Prize in Race Relations,scholarships,🟢 Watch List,,U.S. high school students grades 9-12 with documented leadership advancing racial equity/understanding,Free to apply,"$1,000 cash prize + Princeton symposium trip","Action-oriented (leadership record required, not just an essay). A children-of-immigrants/cross-cultural angle fits the student's background; low effort to track for the 2027 cycle.",https://pprize.princeton.edu,pprize.princeton.edu,5,Essay
USA Biology Olympiad (USABO) 2027,science_math,🔴 Action This Week,2026-10-23,grades 9-12,$125 flat school registration (covers all students from the school),,"Action NOW: Simsbury High must pay the $125 school registration by Oct 23, 2026 (18 days out). Final student/school registration deadline Nov 15, 2026 (41 days out). Open Exam expected late Jan/early Feb 2027; top 20 to National Finals (in-person only). Strong biology credential for a biology-interested student.; archive canonical: https://usabo-trc.org/usabo-2027-calendar (first seen 2026-05-22); archive URL updated to live link",https://usabo-trc.org/node/26,usabo-trc.org (official),10,
AMC 12 (American Mathematics Competitions) 2026-27,science_math,🔴 Action This Week,2026-10-15,AMC 12: grades 12 and below (includes 11th graders). AMC 10: grades 10 and below — student is NOT eligible (he is in 11th).,"$75 school registration ($115 late, returning managers only); $30 per 10-student bundle",,"URGENT: regular registration (final deadline for new competition managers) is Oct 15, 2026 (10 days out); late registration Oct 28 only for returning managers. AMC 12 A: Nov 5, 2026; AMC 12 B: Nov 13, 2026. He should check with the school math department this week. AIME Feb 5/6, 2027 by invitation only.",https://maa.org/amcreg,maa.org (official MAA AMC registration page),10,
"Conrad Challenge 2026-27 (Space Center Houston, presented by Equinor)",science_math,🟡 Prep Now,2026-10-30,ages 13-18,"$0 registration for Activation Stage; $499 per team for Innovation Stage (financial aid window Nov 2-Dec 3, 2026, per secondary source)",,"Activation Stage (Lean Canvas + registration) closes Oct 30, 2026 (25 days out) — confirmed on the official site this run. Innovation Stage submissions due Jan 7, 2027; Innovation Summit Apr 21-24, 2027 at NASA/Space Center Houston. Categories include aerospace, energy, health, cyber-tech. Winners get scholarships, patent support, and an all-expenses summit trip. Needs a 2-5 person team + adult coach.",https://conrad.spacecenter.org,conrad.spacecenter.org (official),15,
Mission Innovation Challenge 2026-27 (Space Center Houston),science_math,🟡 Prep Now,2026-11-05,grades K-12,Free entry (individual and team),,"Fall submission window: Sep 3 - Nov 5, 2026 — deadline confirmed on the official page this run (31 days out). 2026-27 mission: Lunar Dust Defense (conceptual engineering solution for Artemis missions). Teams research, design, and pitch a solution deck. Prizes: Space Center Houston admission tickets + virtual chat with an astronaut for top innovations.",https://spacecenter.org/education-programs/mission-innovation-challenge,spacecenter.org (official),0,
Math Kangaroo 2027 (Individual Competition),science_math,🟢 Watch List,2026-12-31,grades K-12,$20 regular / $35 late per student,,"Regular enrollment deadline Dec 31, 2026 confirmed on the official registration page this run; late enrollment Jan 1 - Feb 1, 2027 ($35). 30th anniversary year — all participants get a commemorative gift. Lower prestige than AMC but a solid extra math credential and open to all grades.",https://mathkangaroo.org/mks/registration,mathkangaroo.org (official),10,
USA Physics Olympiad (USAPhO) / F=ma Exam 2027,science_math,🟢 Watch List,2027-01-20,"grades 9-12 (F=ma open to students attending a US school; USAPhO semifinal requires US citizenship or green card — he is a US citizen, so both are open)",$75 per school + $15.50 per student ($37.50 per school for AAPT members),,"AAPT's official page says F=ma 2027 registration OPENS MID-OCTOBER 2026 (days away). 2026 cycle: registration closed Jan 20, 2026; exam Feb 12, 2026. 2027 deadline not yet posted — marked low; re-check after registration opens. Exams now online via Educational Vistas; top scorers advance to USAPhO semifinal.",https://aapt.org/physicsteam/2026/Registration.cfm,aapt.org (official U.S. Physics Team registration page),0,
Science Olympiad (Division C) 2026-27 season,science_math,🟢 Watch List,,grades 9-12 (Division C),School/team registration fee varies by state chapter (not confirmed this run),,"National K-12 STEM team tournament (6,700 teams in 2025). Teams qualify through regional/state tournaments Jan-Apr, state winners advance to the National Tournament in May. Entry runs through the CT state chapter — check whether Simsbury High has a Division C team. No single national registration deadline (state-dependent), so no hard deadline recorded.",https://www.soinc.org/participants/discover-science-olympiad,soinc.org (official),15,
"Regeneron ISEF 2027 (Los Angeles, May 2027)",science_math,🟢 Watch List,,grades 9-12,Free entry for ISEF finalists (travel/funding varies),,"World's largest pre-college STEM research competition (~1,700 finalists, $7M+ awards). Qualification-only via affiliated fair. For a CT junior, the actionable path is the CT Science & Engineering Fair (school registration closes Oct 31, 2026; project registration Dec 1, 2026). If he starts an independent biology research project now, the 2027 fair is the target.",https://www.societyforscience.org/isef,societyforscience.org (official),30,
Research Science Institute (RSI),summer_programs,🟢 Watch List,,High school juniors (11th grade) only — one year remaining before graduation; seniors not eligible. Must be 16+ by July 1 of the program year. US citizens/PR and internationals from participating countries.,"Free (tuition, housing, dining covered); $75 non-refundable application fee (waivers available)",N/A (free for all admitted); app fee waivers for demonstrated need,"Application opens October 2026 (per prior cycles). Official FAQ this run: deadline is early- to mid-December, typically Wednesday of the second full week in December (~Dec 9, 2026; 2027-cycle exact date NOT yet posted). Requires essays, 3 recommendations (math/science teachers + research supervisor or leadership endorser), official transcript, all PSAT/SAT/ACT/AP scores. Notifications in March. <2.5% acceptance; ~100 students.; archive canonical: https://www.cee.org/research-science-institute (first seen 2026-05-18); archive URL updated to live link",https://www.cee.org/programs/research-science-institute-rsi/rsi-application-faqs,official program site (cee.org),5,Transcript
Summer Science Program (SSP International),summer_programs,🟢 Watch List,,High school juniors. Official site explicitly invites students graduating in 2028 to apply for Summer Science Program 2027.,"Free application. Need-blind; family income under ~$140K often qualifies for full/partial aid; $3,000 summer stipends available for select participants who would otherwise need to work.","Need-blind admission; aid applied for after admission (up to full). Limited $3,000 stipends.","Applications open December 2026 (exact date TBA). Anticipated deadlines: January 2027 (international) / February 2027 (domestic) — exact 2027 dates NOT yet posted. Programs begin mid-June 2027. No grades or tests; cooperative team research. Prior cycles: opened Dec 31, 2025; international deadline Jan 29, 2026; domestic deadline Feb 19, 2026.",https://ssp.org/application,official program site (ssp.org),0,
Carnegie Mellon National High School Game Academy (NHSGA),summer_programs,🟢 Watch List,2027-03-01,Current high school sophomores or juniors at time of application (most admitted are juniors). Must be 16+ by program start; 3.0+ GPA (B average).,"Tuition-based; residential (resident only). Official 2027 tuition not listed on page. Third-party guide (collegetransitions) lists 2026 residential at $13,281.","Scholarship application deadline February 1, 2027 (decisions April 1, 2027) — apply early if aid is needed.","Program dates: June 26 – August 7, 2027 (6 weeks). Basic application deadline March 1, 2027 (rolling decisions; program may close early if capacity reached). Tracks: Software Development, Game Generalist, Visual Arts/Graphic Design, Sound Design/Music Composition. Application: transcript, 1 recommendation, 2 essays, work examples. Direct spike fit: interactive storytelling/narrative classes in weeks 1-2.",https://www.cmu.edu/pre-college/academic-programs/game-academy.html,official program site (cmu.edu),40,"Rec Letter, Portfolio, Transcript"
Yale Young Global Scholars (YYGS),summer_programs,🔴 Action This Week,2026-10-15,"Current high school sophomores or juniors (or intl equivalent). 16–18 by July 18, 2027. Graduating May/June 2028 or 2029 (northern hemisphere). First-time participants only.","$7,500 tuition (housing, meals, materials included; travel not covered)",Need-based aid up to 100% of tuition for domestic and international students.,"URGENT: Early Action deadline October 15, 2026, 11:59pm ET ($85 fee; decision by Dec 11, 2026; accept/decline by Dec 16). Regular Decision deadline January 6, 2027 ($100; decision by Mar 10, 2027). Early Action is non-binding and applicants may be deferred into Regular Decision. Three 2-week sessions, June–July 2027.",https://globalscholars.yale.edu/application-deadlines,official program site (globalscholars.yale.edu),5,
Stanford Institutes of Medicine Summer Research Program (SIMR),summer_programs,🟢 Watch List,,Currently juniors or seniors as of fall 2026 (graduating class of 2027 or 2028). 16+ by program start. Currently living in and attending high school in the US; US citizens/PR only. Selection heavily favors local Bay Area students.,Free; $50 application fee (fee waivers available),Application fee waivers available.,"Summer 2027 tentative dates: June 7 – July 29, 2027. Online application posted December 18, 2026 (5pm PST); applications due 'late February 2027' — exact 2027 deadline NOT yet posted. Direct fit for his biology interest. In-person (Stanford, CA).; archive canonical: https://simr.stanford.edu (first seen 2026-05-18); archive URL updated to live link",http://simr.stanford.edu,official program site (simr.stanford.edu),0,
Iowa Young Writers' Studio — Summer Residential Program,summer_programs,🟢 Watch List,2027-02-07,"Students currently in grades 10, 11, or 12. International students welcome.","$2,500 fee if accepted (in-person); $10 reading fee (waivable). Need-based financial aid available.",Need-based full and partial tuition grants; reading-fee waiver available without penalty.,"2027 application period: January 25 – February 7, 2027 (Submittable; no early/late submissions accepted). Session 1: June 13–26, 2027; Session 2: July 11–24, 2027. Requires: writing sample (up to 10 pages, e.g. novel excerpt — his published novel fits perfectly), 1-2 page statement of purpose, 1 letter of recommendation. Decisions emailed April 9, 2027; enrollment fee due May 16, 2027.",https://iyws.program.uiowa.edu/how-to-apply/summer-residential-program,official program site (iyws.program.uiowa.edu),25,"Rec Letter, Portfolio"
Simons Summer Research Program (Stony Brook University),summer_programs,🟢 Watch List,,Must apply while currently in junior year (11th grade) and participate the summer before senior year. US citizens/PR; 16+ by program start.,No program cost; room and board separate if residential. Stipend award presented at closing poster symposium.,Financial aid options available per third-party listings; check application when posted.,"Applications for SimonsSRP 2027 will be posted in late November 2026. No late applications. Prior cycles: deadline mid-February (Feb 14–17 range); decisions mid-April. Program runs ~7 weeks (early July – early August). Requirements: official transcript, 2 recommendations, online application.",https://www.stonybrook.edu/commcms/simons,official program site (stonybrook.edu),0,"Research Abstract, Transcript"
Anson L. Clark Scholars Program (Texas Tech),summer_programs,🟢 Watch List,,High school juniors and seniors who are 17+ by the program start date; US citizens/PR. (Per program's published eligibility via third-party guides.),"Free (tuition, room, board, programming covered). $750 tax-free stipend on successful project completion.",N/A (free for all scholars),"2027 cycle NOT yet posted (page still shows 2026: 'The 2026 is now closed'; 2026 deadline was Feb 16, 2026). Expect applications to open fall/winter with a February 2027 deadline — watch this page. Components: essays, transcripts, test scores (at least PSAT required), 3 recommendations (online questionnaire), top-5 activities list.",https://www.depts.ttu.edu/clarkscholars/ApplicationDetails.php,official program site (depts.ttu.edu),0,Test Score
Garcia Research Scholars Program (Stony Brook University),summer_programs,🟢 Watch List,,High school students; past cycles required 16+ by July 4 and a strong GPA (Stuyvesant bulletin: 95+ GPA for 2026 cycle).,Cost not published on official page — verify on application page when the 2027 cycle opens.,Unknown; check application when posted.,"2027 cycle dates NOT yet posted. Prior cycle (2026): application deadline ~February 23. Program runs ~June 24 – August 7 (7 weeks) in past cycles. Research spans biology-adjacent areas (tissue engineering, pharmacology) plus computation/mathematical modeling — spike-adjacent. Application via Qualtrics when posted.",https://www.stonybrook.edu/garcia/summer-program,official program site (stonybrook.edu),0,Research Abstract
Adroit Journal Summer Mentorship Program,summer_programs,🟢 Watch List,,Grades 9-12 (including graduating seniors and gap-year students).,Free (program is free; $450 figure on some aggregators appears outdated/incorrect — official program describes itself as free with need-based considerations),Need-based aid addressed separately from admission; program states financial barriers should not impede participation.,"2027 cycle NOT yet announced. 2026 cycle: application deadline March 1, 2026; program June 15 – July 27, 2026; decisions mid-March. Application: 2 essays, writing sample (up to 8-10 pages poetry / 8-12 pages fiction or CNF), optional transcript. Strict zero tolerance for plagiarism/generative AI in applications (plagiarism and AI scans run before acceptance).",http://theadroitjournal.org/2024/03/01/our-summer-mentorship-program-your-questions-answered/amp,official program site (theadroitjournal.org),25,"Portfolio, Transcript"
ECTOCOMP 2026,worldbuilding,🟡 Prep Now,2026-10-31,Open to all; no age or grade restriction,free,,Annual Halloween interactive fiction competition. Two categories: La Petite Mort (game written in 4 hours or less) and Le Grand Guignol (longer works). Games must be recognizably interactive fiction and spooky/supernatural in any language; generative AI use strictly forbidden. Voting ends Nov 30; entries archived in the IF Archive. Actionable NOW — ideal portfolio artifact for the computational-narrative spike.,https://itch.io/jam/ectocomp-2026,ECTOCOMP 2026 itch.io page (opened this run),40,Portfolio
World Anvil — The Alliance Challenge,worldbuilding,🔴 Action This Week,2026-10-10,Open; free World Anvil account required,free (World Anvil free account),,"Monthly World Anvil worldbuilding challenge. Brief: write an alliance-of-organizations article using the Organization template (max 2500 words), optionally with an organization relationship web. Prizes: $25 Steam gift cards for league winners, participation badges, and winners featured in Worldbuilding Magazine with professional editing. Submission deadline 23:59 London time Oct 10; sharing period Oct 10-17; judging Oct 17-31. URGENT — closes in 5 days.",https://www.worldanvil.com/community/challenge/wa_alliance_challenge/homepage,World Anvil Alliance Challenge page (opened this run),40,
The Interactive Fiction Competition (IFComp) 2026,worldbuilding,🔴 Action This Week,2026-10-19,Anyone may judge; authors open to all (no age/grade restriction),free,,"32nd annual IFComp. Author entries for 2026 closed Aug 28, but anyone can judge: play and rate at least 5 of the 71 entries by Oct 19; awards stream Oct 24. Flag for 2027 author cycle: intent deadline ~Aug 1, 2027; final entries due ~Aug 28, 2027 (dates follow the stable annual schedule, not yet posted — low confidence). A 2027 IFComp entry would be a premier portfolio artifact for the spike.",https://ifcomp.org/about/comp,ifcomp.org official schedule page (opened this run),40,Portfolio
WorldEmber 2026 (World Anvil),worldbuilding,🟢 Watch List,2026-12-31,Open; free World Anvil account required,free (World Anvil free account),,"Annual December worldbuilding challenge: write 10,000+ words of worldbuilding across public articles during December; optional special category prizes per article template. Confirmed as the recurring December event on the official challenge page (mirror opened this run); 2026-specific dates not yet posted, so deadline is the implied month-end. Good winter-break spike project for a published fantasy novelist.; archive canonical: https://www.worldanvil.com/community/challenge/worldember-2025/homepage (first seen 2026-09-25); archive URL updated to live link",https://setting.dystopiarisingmaryland.com/worldember,World Anvil WorldEmber page via mirror (opened this run),65,
Spring Thing 2027 (Festival of Interactive Fiction),worldbuilding,🟢 Watch List,2027-04-01,Open to all; anyone may submit,free,,"Annual informal spring IF festival (running since 2002). Main Festival entries eligible for Best In Show and custom Audience Award ribbons plus donated prizes; Back Garden for unranked/experimental showcases. The 2026 festival page is current on the official site; 2027 edition dates not yet posted — deadline estimated from the stable pattern (intent by ~Mar 1, games by ~Apr 1). New 2026 rule: AI-generated text/multimedia prohibited.",https://www.springthing.net,springthing.net official site (opened this run; 2026 edition live),65,
IntroComp 2027,worldbuilding,🟢 Watch List,2027-08-01,Open to all,free,,"Annual competition for excerpts/previews of interactive fiction works in progress — submit a playable excerpt, get screened audience feedback to guide development. 2026 cycle is complete (intents Jun 1, intent deadline Jun 30, submissions Aug 1, voting Sep 8). 2027 dates estimated from the recurring pattern; cash prizes $200/$150/$100 funded by IFTF if the game is finished within a year. Natural fit: excerpt of a longer narrative game.",http://introcomp.org,introcomp.org official site (opened this run),40,
Neo-Twiny Jam 2026,worldbuilding,🟢 Watch List,,Open to all,free,,"Annual charity jam: create a tiny interactive fiction piece of 500 words or less (any IF tool — Twine, Ink, ChoiceScript, Inform, Bitsy; up to 3 submissions). Entries using AI/LLM are removed. Number of valid entries is matched into donations to LGBTQ+ organizations. 2026 jam page verified loading this run, but the run dates were not displayed in the page text fetched — confirm dates on the page before planning. Past editions ran in summer.",https://itch.io/jam/neo-twiny-jam-26,itch.io jam page (opened this run),40,
Games for Change Student Challenge 2026-27,worldbuilding,🟢 Watch List,2027-04-30,Ages 10-25; international (91 countries),free,,"Global game design competition: create digital games addressing UN Sustainable Development Goals. Prior cycle (2025-26) ran Nov-Apr with $20,000 in grand prizes plus a $10,000 scholarship and NYC festival trip; 2026-27 season registration was announced at the G4C2026 festival (Sep 2026). Official site redirected to the G4C Learn overview page during this run — deadline estimated from the prior cycle pattern (~April 2027), confirm on the official site as the season launches. Strong spike fit: narrative game about a real-world issue.",https://www.gamesforchange.org/studentchallenge,gamesforchange.org (opened this run; page redirected to G4C Learn overview),40,
BAFTA Young Game Designers 2027,worldbuilding,🟢 Watch List,,"Ages 10-18, UK residents only",free,,"Prestigious UK game design competition: Game Concept Award (original game idea) and Game Making Award (playable prototype in free software), age brackets 10-14 and 15-18. The 2026 competition concluded with winners announced (verified on bafta.org this run). UK residency required per program rules — not actionable for a US student; kept here as reference only since entries reopen each spring.",https://www.bafta.org/stories/2026-young-game-designers-the-winners,bafta.org 2026 winners page (opened this run),40,Rec Letter
K12 Game On Competition 2026,worldbuilding,🟡 Prep Now,2026-11-30,"K12-powered (Stride) students, grades K-12",free,,"Stride K12 enrichment contest: submit an original educational game concept (digital or physical; interactive stories and RPGs explicitly accepted; no finished build required for round 1). Prizes $100 overall winners, $50 People's Choice per grade band. Entries open Sep 22, deadline 5 PM ET Nov 30, 2026 — confirmed on the official page this run. Flagged ineligible: requires enrollment in a K12-powered school.",https://enrichment.k12.com/gameon,enrichment.k12.com Game On page (opened this run),40,
ParserComp,worldbuilding,🟢 Watch List,,Open to all,free,,"Annual competition for parser-based text adventure games and interactive fiction. The itch.io hub page loaded and matched this run, but it still highlights the 2023 edition — no current 2026/27 edition dates visible. Kept as a watch item; verify a live edition page before treating as actionable.",https://parsercomp.itch.io,parsercomp.itch.io hub (opened this run),40,
Scholastic Art & Writing Awards 2027,writing_humanities,🟡 Prep Now,2026-12-01,"grades 7-12 (ages 13+), US/Canada/American schools abroad","$15 per individual entry, $40 portfolio",Fee waivers available via request on official site (not re-checked this run),"Writing side of the same program he's entered before via art; journalism category included. 2027 season opened Oct 1, 2026. Regional announcement Jan 27, 2027; national March 31, 2027.; archive canonical: https://www.artandwriting.org/awards/how-to-enter (first seen 2026-07-20); archive URL updated to live link",https://www.artandwriting.org/awards/how-to-enter/calendar,artandwriting.org (official),25,"Essay, Portfolio"
The Concord Review (Spring issue),writing_humanities,🟡 Prep Now,2026-11-01,secondary-school students; paper must be completed before finishing high school,$70 submission (includes digital subscription),None,Strong fit for his humanities pillar; pairs with CT History Day research. Essays eligible for next three issues on rolling basis. $70 fee is submission membership.,https://tcr.org/submit,tcr.org (official),5,
Connecticut History Day 2027 (National History Day),writing_humanities,🟢 Watch List,2027-02-03,grades 6-12 (Senior Division grades 9-12),Small entry fee (typically ~$5/student; verify at registration),None noted,Humanities pillar + portfolio artifact. A strong paper doubles as a Concord Review submission. Registration opens November (regional contests open registration in November per CHD handbook).,https://www.historydayct.org/contests/regional-contests/norwich,"historydayct.org (official, CT affiliate)",5,"Portfolio, Research Abstract"
Poetry Out Loud 2026-2027 (NEA),writing_humanities,🟢 Watch List,2027-04-27,high school students (grades 9-12) in all 50 states,Free,Travel to national finals administered by Mid Atlantic Arts,Public-speaking/public-recitation credential; CT students register through the CT state coordinator (see poetryoutloud.org state coordinator page). Poetry Out Loud is also referenced in his FBS notes context? No - treat as standalone.,https://www.poetryoutloud.org,poetryoutloud.org (official NEA program),30,
John Locke Institute Global Essay Prize 2027,writing_humanities,🟢 Watch List,2027-05-31,under 19 as of submission deadline; Junior and Senior divisions judged separately,Free (late entry for a small fee),None (no fee),Verified on official site this run: 2026 registration closed; 2027 cycle opens with questions in January 2027. High-prestige humanities credential; history category pairs with his Concord Review work.,https://www.johnlockeinstitute.com/essay-competition,johnlockeinstitute.com (official),0,Essay
Princeton University Ten-Minute Play Contest 2027,writing_humanities,🟢 Watch List,2027-03-31,eleventh grade only (junior year),Free,None (no fee),Rare junior-only national contest - perfect grade-window fit for his Class of 2028 timeline. A published novelist writing a 10-minute play is a distinctive spike-adjacent artifact (narrative + dialogue craft).; archive canonical: https://arts.princeton.edu/about/opportunities/high-school-contests (first seen 2026-06-29); archive URL updated to live link,https://arts.princeton.edu/about/opportunities/high-school-poetry-contest/ten-minute-play-contest,arts.princeton.edu (official Lewis Center page),25,
Youth Journalism International Annual Contest 2027,writing_humanities,🟢 Watch List,2027-01-15,youth/student journalists (international),$7 per individual entry; $15-25 team,None noted,Include only if his school paper work exists; First-Person Essay and Opinion categories are strongest fits. Re-verify before any action.; [URL may block bots: https://youthjournalism.org/contest/contest-rules/],https://youthjournalism.org/contest/contest-rules,youthjournalism.org (contest rules page - failed to verify this run),25,Essay
